annual_income,credit_score,loan_amount,employment_years,debt_to_income,num_credit_cards,approved
61398,656,16700,10.5,0.3309,8,1
59576,679,20800,12.8,0.4485,10,0
41113,712,13700,16.9,0.3549,6,1
100122,836,15300,8.9,0.5888,9,1
91702,694,37200,15.0,0.46,10,1
86184,590,17000,5.5,0.3672,1,0
81339,612,1000,9.7,0.4233,10,1
98305,625,12300,5.1,0.3383,6,1
99048,615,20000,11.3,0.3558,0,0
57475,687,31300,3.6,0.3292,7,0
88807,625,17200,10.7,0.2415,9,1
44489,632,24500,7.0,0.0983,1,1
85239,772,8300,4.2,0.2111,4,0
67436,661,14700,0,0.235,10,0
61040,715,37200,7.2,0.2741,12,1
108122,586,12900,13.8,0.2831,12,1
119136,618,32100,3.7,0.2771,5,0
75521,610,41000,10.7,0.41,7,0
95544,656,30400,12.2,0.4351,8,0
49724,696,1000,5.0,0.3892,10,0
37069,707,24200,9.5,0.245,3,1
104178,676,22200,7.7,0.4817,8,1
56539,621,36900,15.6,0.1969,12,1
55716,690,11900,3.1,0.096,0,0
76324,666,9100,9.6,0.4232,3,1
75133,709,1000,9.4,0.5925,8,1
47014,588,23300,7.2,0.3525,6,0
70716,749,28900,8.8,0.4673,12,0
56518,791,15400,0,0.2589,3,1
97259,649,1000,4.8,0.536,8,0
56607,665,1000,6.5,0.4011,3,1
95304,633,15000,6.3,0.5411,9,0
80497,648,16100,3.4,0.1724,4,1
117844,589,34700,7.4,0.2865,8,1
59453,850,36100,0,0.29,8,0
18000,517,17100,6.5,0.4018,10,0
79125,627,33200,1.7,0.4183,3,0
75192,779,16800,12.8,0.5904,1,1
68590,649,14800,9.3,0.4383,7,0
61868,675,40100,11.7,0.5051,5,0
72799,703,8800,17.0,0.4351,5,1
65034,707,22700,0,0.1763,2,0
66239,717,20300,4.0,0.2696,5,0
33360,733,17200,3.2,0.4759,6,0
76183,626,23400,1.9,0.2592,3,1
51498,602,17200,8.9,0.3704,8,0
95774,658,23500,6.1,0.4425,4,1
46084,628,20900,1.8,0.424,9,0
90724,694,1000,5.9,0.2124,11,1
58738,693,12500,3.2,0.2362,11,0
27968,665,9500,13.9,0.2578,10,0
41197,515,10400,4.2,0.3459,4,0
72609,563,12300,11.9,0.2692,12,0
69348,623,30400,10.1,0.2591,12,1
48207,805,20200,8.2,0.5552,12,1
34729,728,24300,14.3,0.2379,10,1
103752,571,33700,1.3,0.4027,11,0
82994,689,25700,2.5,0.4207,8,0
115108,618,3500,1.8,0.0675,8,1
91858,804,1000,9.6,0.4147,12,1
50992,624,26700,8.9,0.3321,8,1
79338,734,22800,9.8,0.2343,7,1
71992,750,31100,3.3,0.2508,12,0
18000,698,14400,11.7,0.5715,8,0
32424,639,19600,10.5,0.3165,5,0
76953,547,32500,0,0.534,6,0
59558,641,1000,11.4,0.3984,5,1
45355,790,3500,12.7,0.4063,1,1
64950,644,26200,5.9,0.6922,0,0
80843,653,24800,7.4,0.5066,9,0
46226,683,6900,12.0,0.5826,12,0
76666,662,28200,7.7,0.1834,6,0
75679,772,22300,3.7,0.3086,10,1
117021,828,20300,2.5,0.22,8,1
91014,677,5200,7.3,0.1451,7,1
27622,721,27300,6.1,0.4167,7,0
80345,575,14000,10.4,0.4612,7,1
31517,694,15900,7.8,0.4063,3,0
63938,735,1000,1.1,0.1801,3,1
59588,579,18900,0,0.244,12,1
58017,748,18700,14.4,0.2205,5,1
64428,598,15200,3.2,0.3493,3,0
62256,474,15100,4.0,0.3414,9,0
44852,660,24400,8.9,0.3633,0,0
70342,687,27400,8.4,0.5507,12,0
87763,595,5300,8.0,0.3695,7,1
91668,707,1800,3.5,0.5086,4,1
65363,772,4000,10.4,0.1592,6,1
18587,726,28200,6.7,0.2009,11,1
67801,558,17500,9.0,0.3621,2,1
33051,703,15800,10.5,0.2876,7,1
67038,732,22100,0.5,0.3831,1,0
32216,530,20100,5.3,0.4148,11,0
88657,629,8000,7.8,0.2522,8,1
71239,681,8400,8.8,0.3498,10,0
18000,581,35900,7.0,0.3447,12,0
38177,660,10800,23.8,0.0968,1,1
46548,708,23600,8.8,0.2009,10,0
77287,577,8000,8.2,0.1734,6,0
65544,667,27100,2.9,0.5209,9,0
35212,574,22400,13.0,0.4947,11,0
99676,690,23800,0,0.3407,6,1
120173,661,12200,7.6,0.437,11,1
57836,590,4500,7.6,0.2692,3,0
18000,661,24300,4.0,0.3886,12,0
73743,611,13200,13.3,0.524,2,0
42633,677,18900,2.1,0.6262,11,0
28498,776,9100,9.3,0.0229,6,1
41076,543,31900,6.3,0.5224,9,0
103992,761,39400,13.4,0.4333,10,0
103873,733,16400,14.0,0.3009,5,1
80504,610,10200,14.3,0.368,0,0
68628,791,16000,10.5,0.7001,12,1
83851,608,9100,0,0.6064,4,0
48039,695,2500,11.0,0.3896,9,0
51448,629,23700,5.6,0.2386,4,0
87517,617,14500,13.1,0.6733,9,1
102194,641,8200,8.1,0.6439,1,1
35586,624,28000,6.8,0.5677,4,1
93711,566,44000,5.2,0.3414,4,0
70605,813,19500,10.2,0.349,12,1
83534,574,32200,2.9,0.2915,9,0
102168,799,12200,11.6,0.4302,5,1
105311,592,17000,16.3,0.0799,11,1
74391,585,35900,10.8,0.3844,10,0
109223,640,3900,13.6,0.5353,7,1
64879,608,5400,11.8,0.1946,7,1
88974,602,25300,5.2,0.6078,11,0
53496,694,27600,5.6,0.2822,8,1
29318,704,16800,0,0.1342,2,0
38364,545,1000,0,0.3073,3,0
111816,622,32800,11.4,0.01,5,1
54370,850,39200,4.1,0.4369,10,0
108558,689,18300,9.6,0.298,12,1
25796,594,20200,15.6,0.3986,4,0
73107,703,18000,10.1,0.3318,0,1
72971,566,27400,7.4,0.4596,1,0
22107,691,12300,6.8,0.01,0,0
95804,606,12500,13.8,0.883,6,0
95730,749,1000,10.7,0.3128,2,1
43871,595,1000,21.4,0.1881,9,1
68296,632,4100,0,0.065,6,1
68064,742,6100,8.5,0.4808,10,1
101487,635,12800,7.4,0.4871,11,0
77062,576,4800,3.7,0.3132,5,0
89442,640,21400,6.2,0.3196,1,0
73481,784,18900,9.4,0.431,12,1
68950,754,1000,3.8,0.1877,8,1
107430,605,17200,10.1,0.3122,5,1
70808,710,15500,5.4,0.3273,1,0
70670,751,11800,11.0,0.3039,9,1
75805,639,18100,5.4,0.4914,6,0
46339,693,18200,4.5,0.2393,10,0
43837,658,24400,21.2,0.4455,3,0
66836,604,28300,11.0,0.2785,8,0
18000,670,19600,5.2,0.3785,0,0
84124,703,7000,9.2,0.271,6,1
44654,798,1300,0.6,0.4064,1,1
39167,618,9800,9.6,0.278,2,1
44411,597,25200,15.1,0.1257,10,1
66212,715,23300,13.4,0.364,2,0
45628,606,3500,4.4,0.22,10,0
29566,557,13200,4.9,0.4974,4,0
45451,630,29900,9.5,0.4899,4,1
97333,552,7300,3.1,0.1645,12,0
117935,715,11000,5.6,0.2102,0,1
82809,529,23000,6.8,0.3243,11,0
36768,706,24300,11.1,0.3184,5,0
98403,706,12600,10.9,0.2114,4,1
34862,525,25600,3.8,0.2781,5,0
44501,572,31000,12.7,0.5154,10,0
79396,560,27400,0,0.2776,10,0
60211,669,7300,18.5,0.2106,3,1
71504,694,21100,5.1,0.3872,8,1
42895,787,25900,10.6,0.4983,12,1
97713,597,29000,8.3,0.2747,9,1
64749,583,7900,6.1,0.4108,3,0
133194,595,8500,8.0,0.2146,2,1
69319,629,18000,14.2,0.4841,1,0
52163,666,24100,8.5,0.179,6,1
103961,591,38700,0,0.2203,5,0
89221,667,45300,9.0,0.4655,12,1
119222,713,1000,8.6,0.3594,9,1
81890,699,25700,1.6,0.3238,1,0
65989,711,19200,14.1,0.3113,7,1
94931,680,18300,9.8,0.1629,3,1
79251,780,6800,6.3,0.53,12,0
41550,643,1200,8.3,0.4639,0,0
81923,694,14900,5.0,0.1305,2,1
21084,628,27500,14.7,0.1244,10,1
91262,765,21100,6.5,0.4295,0,1
55714,745,23400,1.8,0.5607,4,0
74649,513,15000,9.2,0.1374,11,1
86905,650,25100,14.1,0.1698,4,1
63545,638,1000,1.4,0.2233,1,0
57316,753,16500,4.0,0.1967,11,0
18000,850,12800,20.8,0.4061,10,1
23519,659,19600,8.1,0.4812,7,1
104592,727,10100,10.7,0.1635,10,1
46340,733,23800,8.3,0.2626,4,1
95853,755,6100,7.0,0.2418,4,1
72594,777,3000,0,0.3749,1,1
86818,618,33500,11.0,0.4243,5,0
45307,650,15800,9.8,0.2915,2,0
52302,668,20000,9.6,0.3587,8,0
18000,716,35100,14.6,0.4884,11,0
22748,648,20100,5.2,0.5619,7,0
51975,665,25200,1.4,0.1317,2,0
72148,656,22900,9.0,0.4176,11,1
93611,639,17000,9.0,0.4743,4,1
54941,763,10700,7.0,0.431,10,1
83524,628,21100,6.3,0.3905,10,0
63418,725,3000,4.0,0.6588,8,1
92656,645,24100,0,0.3329,0,1
40897,715,14400,9.3,0.4348,5,0
81382,726,8300,5.3,0.2343,3,1
122263,730,26200,3.1,0.6647,5,0
62073,619,39500,21.0,0.0483,7,1
92928,638,26200,6.3,0.3209,7,0
85577,570,17700,7.6,0.4128,4,0
67075,594,5300,10.8,0.4149,1,1
34937,701,25600,0.8,0.2897,1,0
71334,600,36700,3.9,0.4063,8,1
103358,701,22800,1.3,0.5382,2,1
53713,639,37600,6.5,0.3086,8,0
59589,605,22600,2.6,0.1568,9,0
105786,574,6900,2.1,0.3287,12,1
66142,696,3500,7.7,0.3034,6,1
62330,652,23500,6.2,0.4792,2,0
73431,761,7600,3.4,0.4902,11,1
70871,738,10300,1.8,0.3139,8,1
38805,779,14900,0,0.2782,3,0
61185,736,49800,1.9,0.3811,11,0
55532,738,37500,3.4,0.3388,10,0
84862,621,6400,14.1,0.3766,11,1
97437,616,17900,3.5,0.4061,8,0
87491,754,10400,5.1,0.2609,10,1
83094,712,1000,8.3,0.6018,2,1
112104,605,10100,7.5,0.4787,10,1
69266,555,20200,15.1,0.3744,2,1
95482,511,40200,9.2,0.3728,11,0
110730,597,33500,7.4,0.6845,4,0
45768,594,22900,5.3,0.2303,12,1
79478,746,17600,10.2,0.3277,9,1
77009,773,10100,3.1,0.2298,6,1
70483,710,14000,10.4,0.3426,12,1
49150,763,9600,5.3,0.28,10,1
56093,746,1000,6.8,0.3128,1,1
87285,642,23500,19.3,0.1863,9,1
48577,501,19000,0,0.4662,10,0
72220,646,1000,9.6,0.5205,0,0
78770,639,11000,6.3,0.4489,10,1
55539,653,1000,6.4,0.1777,7,1
30153,627,17100,8.0,0.3497,3,0
87054,691,53400,13.3,0.402,7,1
29030,744,21300,0,0.2547,6,0
86115,631,45100,13.2,0.4065,5,1
89958,666,41200,17.0,0.478,4,1
59932,588,11700,9.5,0.2656,3,0
63088,631,22600,2.1,0.3813,0,0
95609,714,1100,9.5,0.4281,0,1
66719,726,20700,5.7,0.2261,11,1
26975,606,21700,3.7,0.6616,8,0
62234,697,41400,3.7,0.5287,6,0
86984,691,10700,3.2,0.1212,6,1
35106,764,1000,8.6,0.2763,12,1
89120,699,5200,10.1,0.2621,5,1
107782,597,34100,11.4,0.3933,10,1
74421,678,23400,0.7,0.3003,3,0
33766,844,46100,8.1,0.4228,12,1
66584,779,25500,17.7,0.1045,6,1
52241,615,2200,15.0,0.0858,11,1
94617,520,9500,10.8,0.252,2,1
33728,635,16100,2.9,0.386,9,0
28547,671,14300,3.5,0.52,10,0
25609,702,14100,9.2,0.2584,8,0
94367,644,20500,5.3,0.3696,0,0
74963,621,17600,6.3,0.2051,9,0
115522,599,16800,6.3,0.1987,0,1
54339,850,39900,8.0,0.2252,2,1
76675,696,23200,12.7,0.3971,6,1
91810,648,18800,14.7,0.2631,1,1
91540,565,27800,9.7,0.3018,0,0
106929,747,11400,3.5,0.7508,8,0
71821,841,12500,1.0,0.305,10,1
90961,609,45000,9.4,0.1991,9,1
84923,536,27100,5.2,0.1715,6,0
41191,650,16600,0,0.3274,11,0
90290,698,23800,3.1,0.3945,6,0
48633,771,20700,1.6,0.3761,6,1
49286,564,32300,10.6,0.4205,1,0
33100,766,24700,11.1,0.3079,4,1
65827,633,28900,9.8,0.1816,1,1
58287,698,9300,4.4,0.2564,6,0
59961,569,26900,6.8,0.1239,2,1
55797,758,29800,9.1,0.1982,1,1
102513,626,1400,7.2,0.2719,0,0
47818,767,21600,2.8,0.21,10,0
79421,723,25600,5.9,0.1979,5,1
55151,583,10100,5.3,0.1534,6,1
80194,648,25600,6.9,0.3539,11,1
58054,587,13300,14.4,0.4622,6,0
78620,722,17900,9.9,0.2208,7,0
39913,681,1000,6.5,0.2827,12,0
51316,530,1000,0.8,0.4376,10,0
60463,651,36000,6.2,0.1475,12,1
84303,674,3500,6.6,0.1783,7,1
28294,698,15500,4.3,0.5222,4,0
77061,661,24200,6.0,0.2873,3,1
58438,700,15700,1.6,0.3914,11,1
86083,576,14800,4.3,0.4616,2,0
52159,744,1000,9.1,0.2839,10,1
98921,690,23200,13.3,0.1706,3,1
52230,533,1000,2.8,0.2107,3,0
61137,829,1100,5.8,0.1809,9,1
48462,741,26400,13.6,0.4551,9,1
73342,700,15400,10.0,0.2876,6,1
41624,632,3200,7.5,0.6528,2,0
51283,673,12800,12.0,0.4835,0,0
73317,744,1800,4.3,0.2032,11,1
54641,672,37900,8.6,0.3186,8,1
71197,569,20000,1.2,0.1548,4,0
75621,601,19500,5.7,0.3135,6,1
85110,553,4500,25.2,0.218,1,1
108190,665,19800,16.1,0.2313,11,1
33868,718,22800,0,0.4165,8,0
43544,653,15200,3.0,0.3178,10,0
92417,770,14400,7.9,0.3126,11,1
65080,796,27600,0,0.2722,9,0
48161,614,37000,11.1,0.368,11,0
87100,640,28200,5.6,0.6087,11,1
99944,650,10400,0,0.3928,6,0
42936,672,14800,13.2,0.5501,12,1
61761,647,35000,12.1,0.2752,2,1
127956,671,23400,14.3,0.4969,2,1
72904,645,14800,8.6,0.2389,0,1
51753,787,19700,14.3,0.348,7,1
39828,616,16600,7.2,0.3078,6,0
47149,678,36400,11.8,0.4644,4,1
71142,538,43300,18.7,0.465,0,0
76948,734,22600,15.1,0.5318,7,0
74839,689,18200,0.3,0.0623,5,0
65500,785,18200,13.8,0.3279,11,1
94249,536,22500,13.6,0.4062,10,1
114827,551,12100,7.1,0.1486,8,0
88596,676,13200,11.5,0.4332,8,1
69963,472,18300,6.1,0.4566,0,0
88888,644,13700,14.7,0.3669,6,1
31318,645,16200,11.2,0.2492,12,1
49593,764,19400,0,0.2696,6,0
69919,647,29000,9.8,0.1532,4,1
56514,628,24500,7.2,0.5253,5,0
73218,545,21100,9.3,0.3731,1,0
109585,697,17400,8.8,0.3039,1,1
56576,668,22600,4.7,0.4921,9,0
95758,757,41700,7.2,0.3959,5,1
98970,820,27500,2.0,0.5613,6,1
65607,848,8500,15.5,0.2819,10,1
84395,800,47600,5.6,0.5023,4,0
61045,702,6900,8.3,0.2821,11,1
32394,694,1000,7.4,0.4583,12,0
98943,821,32800,7.9,0.1985,0,0
101586,671,29300,0.5,0.4964,3,0
130058,618,24100,10.2,0.4547,8,1
86940,616,17800,0.4,0.1365,6,1
40675,635,26600,6.2,0.341,12,0
75935,608,9600,8.1,0.4261,12,0
73389,710,6000,8.1,0.01,3,1
18000,706,36400,11.9,0.2717,9,1
76454,609,25600,9.0,0.239,10,1
71587,625,40500,4.1,0.172,1,0
69558,629,40500,7.7,0.4289,6,0
40430,586,9900,5.1,0.3621,1,0
37329,554,37500,12.3,0.3777,7,1
88668,631,15800,1.2,0.2328,5,1
72793,730,20400,6.1,0.2675,4,1
86150,609,28000,9.6,0.1619,12,1
34348,565,28100,0,0.3782,8,0
47015,756,13900,10.6,0.5496,0,0
66549,643,32700,6.7,0.4127,2,0
54127,617,28800,0,0.8224,3,0
89645,661,52000,0.9,0.4008,5,0
47105,502,36300,8.4,0.5328,9,0
88625,545,32700,5.8,0.3688,0,0
70952,766,44800,7.0,0.3738,11,1
81281,518,24300,8.0,0.3267,1,0
105727,514,1000,15.5,0.2951,4,1
105125,650,2200,9.8,0.2194,11,0
45042,498,20000,3.5,0.271,4,0
60682,718,36700,7.1,0.0875,12,0
98253,692,45600,0.8,0.3852,7,1
64461,611,25200,6.7,0.3986,11,0
62065,598,26200,7.2,0.3013,12,1
89689,671,14500,0,0.4808,6,0
31715,776,21800,0.6,0.3556,7,1
76830,615,5600,18.2,0.4318,6,1
118129,757,28800,6.4,0.6659,11,1
79042,653,23400,5.1,0.4318,3,0
18000,609,1000,5.2,0.3302,6,0
72725,631,9900,11.1,0.289,9,1
78960,701,1000,0,0.2767,12,1
28312,678,30600,10.4,0.4742,5,1
90860,694,16100,16.5,0.271,11,1
84700,708,1000,3.6,0.189,6,1
37999,718,27100,2.8,0.4756,1,0
69039,653,5000,4.4,0.01,2,1
65695,621,50000,5.7,0.378,6,0
58151,621,21000,4.5,0.2411,11,0
87615,702,9500,9.7,0.3228,0,1
43243,602,7100,9.5,0.4692,12,0
74548,692,21900,0,0.5579,6,0
46657,584,10700,7.5,0.1793,10,0
115931,711,13700,10.2,0.341,5,1
73728,608,15400,12.7,0.3274,3,1
91697,656,22400,3.5,0.1628,3,1
86876,628,3600,7.6,0.3142,12,1
53863,758,33400,14.3,0.3764,3,0
67624,696,21800,7.3,0.2861,5,0
29505,666,20100,7.9,0.2099,2,0
33751,686,5200,14.9,0.3346,1,1
53720,701,1000,1.3,0.485,10,0
47609,592,38700,0,0.2797,2,0
62377,664,17700,16.0,0.2162,10,1
103677,575,9900,7.9,0.2915,9,1
88952,727,5900,0,0.1976,9,1
53519,586,13000,10.4,0.2951,10,0
81428,628,30000,13.9,0.5693,12,0
46925,710,19700,7.9,0.2244,6,1
62247,565,40100,6.7,0.219,10,0
76839,500,11300,1.8,0.5122,8,0
75698,694,16800,16.1,0.3577,10,1
54985,623,22100,17.0,0.0751,5,1
51665,820,1000,8.8,0.0381,1,1
69312,708,11800,1.4,0.0906,2,1
72880,748,1000,2.4,0.2238,11,1
84647,705,28400,6.6,0.5037,3,0
85807,789,1000,7.6,0.5262,10,1
39304,709,32800,7.2,0.3055,5,0
60336,667,37500,7.2,0.3956,4,1
40205,741,29100,15.1,0.3129,11,1
38646,657,15500,4.5,0.5241,12,0
117991,613,10900,9.1,0.3386,11,1
52188,669,12900,0,0.1981,12,0
142163,748,8800,0.8,0.5777,6,1
78613,713,15600,3.8,0.3419,6,0
54635,616,12900,5.3,0.3843,11,0
56059,807,1600,7.1,0.3995,3,1
52532,695,1000,3.7,0.285,3,1
39249,516,27100,0.6,0.3886,8,0
56040,499,9800,2.6,0.4663,0,0
68232,690,12600,15.7,0.2557,1,1
67690,663,29200,12.5,0.1991,9,1
62437,593,14800,9.1,0.2158,6,0
39078,681,23500,5.0,0.5125,2,1
89352,621,6300,4.7,0.1505,9,1
45892,530,24300,6.6,0.4144,6,0
98621,715,42100,7.8,0.1055,11,1
101860,654,10300,12.2,0.3295,10,1
28329,683,13700,4.8,0.4962,9,1
55931,633,31600,0,0.3903,7,0
55176,726,2800,6.7,0.1501,1,1
73628,587,26100,2.7,0.4792,10,1
59452,682,1000,4.2,0.45,10,0
48003,667,4100,0,0.3173,3,0
43968,789,2600,2.3,0.2424,1,0
69034,742,32900,0,0.3025,11,1
88214,614,26600,0,0.2533,3,1
87614,636,1000,9.3,0.3352,6,1
40001,581,36100,14.4,0.157,8,1
34264,671,44800,10.5,0.4412,8,0
97410,604,28200,15.2,0.5247,9,0
40371,668,44500,5.6,0.3593,5,0
52206,682,2100,11.0,0.3488,11,1
49034,790,10100,5.8,0.4095,10,1
31941,471,1000,0,0.1191,5,0
67174,567,1000,1.1,0.2943,8,0
91082,551,15300,6.8,0.4866,3,0
80862,446,15300,4.4,0.593,3,0
109914,700,37300,13.0,0.3302,11,1
42095,732,23400,0,0.3337,6,0
130704,611,12200,12.9,0.4638,9,1
82300,603,20600,14.0,0.3139,9,1
30555,586,27800,6.1,0.4501,2,0
63820,630,27400,8.0,0.3421,4,1
18000,710,44700,9.9,0.1379,10,0
49735,591,7900,4.9,0.3778,3,0
21450,652,26100,12.3,0.2358,3,0
54837,728,33800,4.9,0.1598,12,0
102116,677,1000,10.6,0.1921,0,1
41016,831,29100,5.3,0.2316,8,0
33153,772,14600,7.5,0.4287,8,1
119965,791,20200,0.9,0.2779,10,1
82365,607,29800,10.8,0.23,12,1
68939,642,17000,6.0,0.3414,1,1
73762,572,10300,5.4,0.3419,10,0
54936,743,19000,7.4,0.3399,11,1
62052,640,23100,6.0,0.3792,1,0
86949,635,19300,5.9,0.4087,11,1
74232,574,24500,6.3,0.2034,12,0
27429,509,42400,7.7,0.3776,9,0
18000,625,11300,14.8,0.4632,6,0
73249,634,24700,13.3,0.3487,10,0
94249,545,53200,0.4,0.1661,4,0
64928,723,1000,1.0,0.2105,3,1
25770,553,12600,12.0,0.2546,9,1
23551,611,25000,6.2,0.2482,11,0
20933,730,31000,13.1,0.4704,5,0
53039,673,15000,5.4,0.2963,8,1
61378,558,14400,0,0.4742,9,0
67081,615,27100,7.9,0.4969,10,0
53178,712,20700,0,0.3073,8,1
62607,679,20200,19.9,0.5763,12,1
50180,687,34700,4.7,0.5898,7,0
105969,704,19100,10.9,0.3723,8,1
46882,739,14400,7.4,0.4818,11,0
51649,622,17200,0.4,0.2181,6,0
37894,545,6400,6.5,0.501,5,0
40065,787,19000,6.6,0.4691,3,1
54307,627,22400,11.4,0.3346,3,0
59077,704,11800,1.9,0.1677,6,1
96445,698,27000,13.0,0.5396,0,1
91637,625,1000,14.4,0.1502,11,1
62791,703,1000,11.9,0.4117,6,1
77819,528,25300,13.7,0.3281,5,0
57242,653,13400,8.8,0.5315,8,0
80769,573,29400,16.7,0.101,8,1
86214,732,29100,12.0,0.4997,12,0
41260,705,31100,1.5,0.0305,7,0
40519,742,16900,0,0.3276,2,0
70459,495,32000,10.4,0.2385,0,0
73051,568,19100,7.4,0.2208,5,0
85655,722,10000,5.0,0.1615,9,1
47292,548,1000,11.5,0.2066,8,1
97738,662,19800,2.0,0.5437,1,0
28405,711,22400,10.0,0.2394,8,0
61733,646,4900,11.6,0.4436,7,0
56641,681,18900,9.0,0.4936,6,0
25918,653,1000,0.1,0.4416,7,1
99124,521,10200,6.6,0.388,11,1
68283,689,18000,7.1,0.6294,12,1
52671,599,18600,7.8,0.2533,8,0
91671,514,1000,17.5,0.316,3,1
63012,674,24500,12.3,0.1845,5,0
85457,481,33700,0.6,0.1442,6,0
70266,536,30900,5.7,0.1566,0,0
63794,748,20000,3.6,0.2687,6,0
61524,669,22500,3.7,0.5372,5,1
90844,632,2600,15.4,0.3065,10,1
80004,792,18800,10.7,0.3395,3,1
38157,779,21500,8.4,0.518,0,0
57901,664,1400,7.8,0.01,9,1
18000,683,26400,5.0,0.3843,0,0
18000,758,28900,7.9,0.5159,7,0
56132,586,17300,6.3,0.3983,5,0
75401,631,17200,10.9,0.4829,2,0
74531,790,1600,14.1,0.3325,2,1
47052,535,14000,0,0.0722,3,0
78763,658,20600,4.1,0.01,10,1
56934,532,13200,13.1,0.2123,11,1
69123,730,20900,5.1,0.346,5,0
82558,644,24100,7.3,0.6091,3,0
46706,590,27700,6.5,0.2685,12,0
83833,620,14100,13.9,0.4058,12,0
34654,722,1000,13.1,0.471,5,1
59932,731,12100,3.9,0.0688,5,1
37888,659,29700,15.5,0.4275,4,0
61886,639,20800,9.0,0.6337,8,1
68995,573,23600,6.9,0.3036,6,0
65334,735,13500,5.1,0.3691,10,1
108047,589,1000,9.1,0.5235,2,0
59956,623,4100,2.9,0.223,8,0
18000,633,9400,7.4,0.4588,6,0
64888,671,27300,0,0.2561,0,0
23095,677,11700,15.1,0.41,12,1
46946,729,6800,5.1,0.4771,6,0
66866,702,7800,2.7,0.4138,11,0
56093,799,22500,2.2,0.4076,4,1
38622,694,13700,1.5,0.313,8,1
85048,659,27100,10.8,0.4151,0,1
53206,728,30900,0,0.0913,5,1
65050,625,16800,12.0,0.2585,4,0
71020,634,19000,3.2,0.3716,11,0
77796,794,32800,11.1,0.3884,4,0
86920,778,17500,0.7,0.4737,4,1
102954,566,19200,9.4,0.2608,2,0
43374,629,19400,20.2,0.1494,11,1
57521,695,20900,8.8,0.0952,12,1
98453,712,11600,0,0.4268,8,0
66903,525,10700,8.2,0.2974,2,0
102953,701,4000,4.7,0.1564,8,1
62786,606,31000,0,0.2966,2,0
78192,579,1000,9.5,0.1062,0,1
42147,754,16100,8.6,0.6215,3,0
33346,672,10000,4.1,0.3041,8,0
121707,721,19300,8.1,0.4265,0,1
83897,570,1000,5.7,0.3447,9,0
121143,685,2600,0,0.4331,10,1
18000,603,8100,9.4,0.2778,4,0
60330,519,25400,8.6,0.2812,3,0
76345,761,18100,14.0,0.4578,6,1
68347,566,9500,0.1,0.2869,12,0
46516,712,41500,22.1,0.2191,5,1
113253,667,3500,10.7,0.4111,3,1
74571,803,26200,5.3,0.5087,6,1
84972,684,24400,7.3,0.3633,3,1
47963,796,38900,3.8,0.5068,9,0
68908,688,14000,9.1,0.217,3,1
54898,769,10400,5.5,0.4676,7,1
82512,561,1000,2.0,0.2452,11,0
32993,764,27500,4.9,0.4666,1,0
70300,785,16500,6.5,0.3752,4,1
51393,764,9400,13.9,0.4783,6,0
65584,565,28800,9.9,0.3692,5,1
57837,659,13900,8.2,0.0914,2,0
48507,676,5600,11.0,0.01,8,1
103982,730,5900,17.2,0.5393,6,1
73393,738,6500,0,0.4176,12,1
69612,689,21300,4.0,0.1727,1,1
122434,736,39700,2.5,0.3606,11,0
55421,755,8300,14.1,0.3948,12,1
24778,684,29700,13.0,0.5471,10,0
64698,698,23600,14.4,0.3276,0,1
45316,570,27700,4.5,0.4472,10,0
94559,658,11500,0,0.1487,1,1
37331,670,20200,6.5,0.353,5,0
64830,655,13500,2.7,0.1891,8,1
82853,693,1000,21.5,0.7096,4,1
51382,737,30600,13.1,0.1261,10,1
36691,722,8700,8.9,0.2208,2,1
85111,746,25400,0,0.2651,8,0
18000,745,20200,0,0.2692,1,0
76901,657,7800,16.4,0.3133,6,0
51393,795,25400,0.6,0.3437,3,1
81896,794,10800,4.5,0.2508,3,1
75038,675,19200,4.4,0.4458,10,0
82402,595,23100,9.5,0.5999,0,0
81878,653,14200,4.0,0.3764,7,0
42883,674,9300,8.0,0.3138,11,0
60341,591,32500,4.6,0.1407,11,0
37827,659,19600,5.7,0.5313,6,0
89001,689,20900,0,0.4096,4,0
61624,717,10600,17.8,0.2305,7,1
26791,708,33800,12.7,0.5641,2,0
62499,686,1000,10.1,0.5962,1,1
45482,507,23500,0,0.4027,7,0
98692,734,13300,0,0.2825,8,1
71314,495,1900,4.1,0.5276,2,0
85350,692,14200,0,0.3272,2,0
107561,673,32000,7.4,0.0777,9,1
67536,776,5800,7.8,0.5283,3,0
58817,781,21500,3.9,0.3701,5,1
87507,576,23300,3.4,0.3917,6,0
75813,726,8100,0.4,0.1768,7,0
60688,687,19200,2.6,0.5723,12,0
45226,649,30300,12.8,0.3219,8,1
67203,697,1000,1.0,0.2868,11,0
131993,575,14200,13.7,0.2757,9,1
87052,745,1200,6.1,0.2556,9,1
60873,721,27900,10.8,0.421,3,0
90848,669,10300,12.5,0.3353,3,1
64740,700,13300,13.0,0.3579,5,1
59460,561,25300,7.6,0.284,10,0
58359,673,22600,9.2,0.0588,5,1
87488,501,31700,9.1,0.1427,8,0
74858,788,25700,0,0.1098,4,1
52116,736,10900,6.4,0.2739,1,0
65378,545,16800,8.2,0.1993,3,0
75162,610,10600,6.5,0.3209,3,0
59729,676,4000,7.6,0.4748,11,0
56758,736,18700,4.7,0.5296,2,1
89108,688,21900,5.1,0.3332,9,0
38793,815,34300,12.1,0.3491,12,1
82133,626,21400,10.8,0.2819,1,1
71768,703,32800,5.3,0.5001,8,0
89582,767,16100,10.7,0.5364,5,1
70759,676,21200,6.1,0.3026,6,1
37418,609,27600,0.4,0.2533,3,0
50275,583,37900,5.6,0.2721,12,0
37977,687,10400,0,0.2437,3,1
80314,632,13000,9.4,0.4666,5,0
92883,687,10100,11.5,0.4724,9,1
39528,666,16700,4.7,0.296,4,0
44031,718,7000,2.7,0.4956,5,0
55857,590,33400,6.2,0.2236,2,0
116005,757,5600,4.4,0.21,8,1
44804,693,4600,10.8,0.2703,6,1
59541,647,19300,9.7,0.1301,12,1
73589,706,6300,6.0,0.2626,10,0
51331,805,6500,0,0.57,5,0
35163,615,1000,6.4,0.3823,8,0
97036,671,23700,6.7,0.3424,6,0
47775,713,9300,10.3,0.1377,7,1
19754,617,10000,11.0,0.2771,2,1
69004,676,15500,1.3,0.01,1,1
82073,521,32500,2.2,0.5398,7,0
39110,642,13300,9.5,0.194,11,1
39285,669,7000,5.6,0.5426,11,0
18000,571,35000,10.9,0.057,12,0
55153,677,22000,5.6,0.1069,10,1
35150,563,16500,8.5,0.2056,7,0
92132,612,12500,11.1,0.4741,2,1
101803,608,15800,0.6,0.5073,2,0
53471,615,17800,5.8,0.2722,1,0
62679,712,13400,16.7,0.4227,2,0
62459,553,12900,9.3,0.3723,2,0
79825,614,23800,8.4,0.4294,7,0
44010,711,7700,0.2,0.4478,5,1
60821,817,30700,8.8,0.1813,12,1
68886,791,10800,9.5,0.1927,4,1
29269,708,35700,5.2,0.6742,10,0
84161,579,12500,3.7,0.3156,4,0
31622,757,17900,0,0.2662,5,0
86654,667,19600,7.0,0.4905,8,1
48409,689,16400,10.2,0.4152,9,0
96353,501,5800,1.0,0.5655,2,0
68141,555,20500,4.0,0.4234,4,0
97847,625,26500,5.1,0.0592,12,1
62993,809,17300,8.8,0.01,4,1
62521,756,1000,7.6,0.2776,7,1
39301,649,13700,5.4,0.2416,0,1
47887,644,1000,10.6,0.4773,0,0
61000,793,31000,3.3,0.01,7,1
31801,743,19700,5.2,0.3723,11,0
32848,682,28400,5.1,0.287,10,0
50635,609,24600,3.4,0.4875,4,0
68151,690,12200,9.2,0.2435,10,1
18000,684,10800,8.2,0.3832,9,1
31045,761,9200,2.4,0.6175,0,1
106317,719,23800,7.7,0.4281,7,0
86253,598,17500,3.4,0.57,7,0
18000,702,35900,9.2,0.4129,0,0
69864,637,1000,0.9,0.6046,1,0
70367,616,22200,2.0,0.5105,10,0
92535,754,7900,5.7,0.4513,0,1
58509,705,25800,11.0,0.2869,7,1
53359,649,22300,0.2,0.2874,7,1
122011,678,13700,0.5,0.3015,12,1
58981,619,8700,2.3,0.0489,9,0
32317,598,14100,5.6,0.4087,6,1
66126,710,12700,6.6,0.1859,8,1
30798,695,19000,8.6,0.4148,7,0
95381,823,28800,8.6,0.3787,9,1
65393,646,16400,0,0.4682,7,0
81527,695,3100,9.2,0.1328,5,1
78841,707,19000,12.1,0.4477,1,1
18000,686,34900,16.1,0.2074,2,1
73099,741,16700,11.5,0.5406,4,1
81510,599,23200,11.0,0.5043,12,0
116939,619,4600,4.0,0.3697,8,1
98444,667,23000,3.5,0.3193,3,1
48759,693,44100,1.7,0.6247,6,0
92310,692,18400,5.7,0.1819,12,1
88866,724,35400,11.2,0.2964,3,1
54754,781,29500,10.1,0.271,9,1
92215,683,21300,0,0.1305,5,1
64627,666,9800,3.5,0.2829,4,0
57507,850,1000,4.7,0.3645,5,1
121734,735,6600,0,0.4597,9,1
40860,756,13700,0.8,0.3621,5,0
86569,730,32700,4.5,0.4496,11,0
42118,824,5400,6.9,0.4865,7,1
52387,663,13500,0,0.2279,9,0
47189,561,42600,5.6,0.4676,1,0
81525,631,23600,6.4,0.3124,7,1
82471,850,30300,7.7,0.2068,7,1
31250,710,16900,8.7,0.4256,8,0
45530,709,11500,3.5,0.157,8,1
60567,710,19800,4.0,0.3392,4,0
87311,692,11000,7.8,0.5602,4,1
82732,782,35600,2.0,0.3896,5,0
42619,698,23200,14.5,0.1403,2,1
50571,658,9400,17.7,0.2043,2,0
78091,650,32800,5.8,0.1337,4,1
50135,850,33600,6.2,0.4666,7,1
86729,729,35500,8.9,0.375,9,0
54615,682,34200,9.4,0.258,12,1
95775,684,1100,9.5,0.5032,3,1
41143,612,34700,9.6,0.1596,6,1
50729,717,1000,18.1,0.3952,11,1
63621,587,11300,8.1,0.3059,11,0
86267,752,25000,8.8,0.0522,5,1
105685,637,28500,9.7,0.4833,8,1
18000,597,25100,16.0,0.3072,4,0
54365,767,15300,7.3,0.4671,10,0
29127,690,27700,3.8,0.1214,3,1
67691,577,33900,5.8,0.2391,6,0
45283,604,15900,4.6,0.1543,4,1
85477,695,22700,5.1,0.412,6,0
72590,663,13600,13.9,0.4372,10,1
99633,745,1000,4.2,0.4558,4,1
57382,598,7100,6.0,0.4004,4,0
42299,677,22700,5.8,0.4098,3,0
29324,626,40200,4.2,0.2956,12,0
55338,678,29400,0,0.2215,5,1
18000,755,1000,5.1,0.41,11,0
73518,825,23400,9.8,0.4059,1,1
65995,631,31700,7.7,0.2599,0,0
56292,668,24700,9.6,0.5536,12,1
89170,746,11200,5.3,0.3325,2,0
121925,600,13900,9.4,0.1078,3,1
107067,732,19200,0.9,0.2675,2,0
18000,620,24800,9.0,0.1148,5,0
79829,780,35800,12.9,0.5065,8,1
119825,821,22100,8.7,0.517,11,1
63196,637,6200,7.2,0.114,10,0
35183,705,12000,16.5,0.3714,12,1
58231,625,32000,7.0,0.4771,10,0
83349,725,6800,0,0.333,2,1
87458,659,1000,0,0.5552,11,0
68961,534,1200,2.3,0.4631,5,0
44710,621,8300,7.4,0.3581,4,0
72180,850,37300,8.5,0.4352,0,0
37096,751,27600,12.7,0.3992,12,1
37029,674,14200,12.7,0.1625,12,0
18000,613,30500,8.0,0.477,5,0
58668,678,25800,13.6,0.4072,2,0
91318,765,12200,7.2,0.25,10,1
33441,689,20300,8.4,0.3331,6,0
23490,846,16800,8.1,0.6243,5,0
28228,601,9700,3.5,0.01,6,1
55020,619,8400,1.6,0.3967,4,0
80014,757,35100,8.7,0.1906,6,1
53911,570,29600,6.6,0.1991,12,0
58836,619,1000,7.2,0.3051,4,1
38032,707,30100,0,0.45,4,0
55438,770,23700,0.4,0.5803,9,1
60158,696,22300,1.6,0.4169,10,0
43898,668,12600,3.3,0.252,8,0
66331,620,36600,7.9,0.478,3,0
91412,501,16100,14.1,0.4563,6,0
63714,642,22100,12.3,0.365,12,1
44880,698,20100,5.4,0.3945,4,0
63627,778,13100,8.4,0.3902,4,1
40107,639,16000,5.9,0.3938,4,0
59510,770,15800,5.8,0.3049,0,0
94309,725,35300,0,0.2311,10,0
26848,762,22800,3.9,0.1906,1,0
94105,498,26300,5.4,0.4328,1,0
46670,809,16300,0,0.3367,3,1
94989,850,9500,8.4,0.2026,5,1
88822,735,9100,7.6,0.3045,2,1
55069,525,49000,8.7,0.1234,10,0
117577,730,13700,3.6,0.1897,11,1
69863,632,33900,0,0.0985,6,0
83402,637,36600,3.7,0.2628,2,0
30115,549,19300,1.9,0.6442,12,0
39621,685,28300,0.3,0.5487,2,0
41736,667,1000,1.5,0.3374,0,0
54952,630,1900,9.5,0.4502,4,1
77740,693,1000,5.6,0.4735,9,0
70806,602,1000,8.1,0.3347,5,0
73200,749,28200,16.3,0.643,3,1
96637,685,11400,4.7,0.4917,4,0
77367,741,9600,8.7,0.4718,9,1
59760,586,29600,4.4,0.3152,11,0
108204,621,16000,15.2,0.2324,3,1
85382,668,12500,2.3,0.2793,4,0
67493,757,18200,13.6,0.3118,7,1
47935,780,10700,0,0.2868,4,1
57340,661,30300,4.6,0.2252,10,0
31139,593,26800,8.1,0.257,6,0
100579,795,25300,7.8,0.4343,5,1
79760,722,11500,6.5,0.3835,2,1
85023,659,9900,11.1,0.446,12,0
38405,661,28000,14.0,0.01,8,0
40424,550,24400,7.9,0.3551,4,0
52848,678,29100,3.4,0.01,8,1
18000,677,22100,5.1,0.6013,2,0
64981,521,1700,4.1,0.4738,0,0
41578,634,36200,11.0,0.211,0,0
77665,665,1000,15.2,0.4542,0,1
82821,567,1000,10.5,0.3366,0,0
86115,648,15700,0,0.5377,3,0
71491,608,23900,0,0.1552,1,0
93298,850,21400,5.4,0.4036,12,1
27590,511,23700,10.5,0.4272,4,0
46234,624,27500,9.7,0.4005,6,0
40810,638,18900,0,0.2292,6,0
18000,652,10300,0.5,0.2715,8,0
44528,660,1000,11.2,0.2658,2,1
59112,727,4000,9.8,0.0321,8,1
55078,686,9700,1.5,0.3476,1,0
105851,683,1000,9.0,0.3752,6,1
55192,772,1000,9.1,0.2661,12,1
81441,792,1000,0.8,0.4956,0,1
101385,680,6200,8.3,0.2143,11,1
18000,524,6500,12.7,0.2949,4,1
75749,709,25500,0,0.3632,7,0
49243,601,3100,0.7,0.396,7,0
54028,689,34100,2.3,0.1873,0,0
50583,643,1000,3.0,0.3679,10,0
41428,704,2200,7.2,0.2837,0,0
31696,679,4200,2.1,0.4206,11,1
97534,683,9000,5.7,0.1624,1,1
86395,642,17200,6.0,0.3268,5,1
31761,665,7200,0,0.4939,7,0
54387,791,40000,4.6,0.2365,12,1
79618,661,22900,14.4,0.4976,2,1
55922,647,1000,15.0,0.316,0,0
52726,718,14700,4.2,0.4627,12,1
33579,717,24200,9.4,0.3433,5,0
69017,569,36700,1.1,0.4932,1,0
89031,632,1000,9.6,0.4044,9,1
72296,641,4800,4.7,0.3874,3,0
76460,725,4700,9.1,0.3425,10,1
70392,633,27400,19.6,0.3521,12,1
61492,718,16100,14.9,0.1681,3,1
65577,586,21000,15.9,0.2183,7,0
27341,658,30200,5.1,0.3801,8,0
83727,705,25100,6.7,0.5845,10,0
84053,755,51200,5.0,0.443,4,0
94258,588,31400,1.3,0.2963,4,0
54166,641,3800,11.1,0.5097,9,0
48057,512,20400,2.0,0.3913,0,0
34314,751,28600,2.8,0.2494,8,0
23323,652,19500,8.0,0.408,3,0
56287,749,1000,6.7,0.4133,8,1
99654,704,25100,10.0,0.3364,3,0
97206,663,31300,2.7,0.1526,5,1
42098,543,12100,5.8,0.1736,1,0
24579,596,14500,8.7,0.2828,1,0
53245,689,19100,9.0,0.2824,8,1
49560,708,5400,7.0,0.0274,7,1
52079,694,4200,6.8,0.01,8,1
77745,707,1000,8.4,0.4852,1,1
54345,692,14900,6.4,0.4325,5,1
20924,683,28000,12.2,0.6532,4,0
77187,586,26000,10.2,0.4571,9,0
43309,691,1700,13.6,0.3902,2,1
38485,691,1000,10.2,0.2275,10,1
24241,782,16100,8.3,0.2722,4,0
91088,576,1000,3.1,0.2991,1,0
118592,772,1000,4.8,0.5257,12,1
75091,646,25000,5.8,0.6118,3,0
82444,581,30800,10.1,0.2644,7,0
91512,682,1000,12.0,0.3025,1,0
45209,653,26400,14.8,0.5594,10,1
48316,623,22100,7.3,0.2485,6,0
62031,850,21200,6.0,0.3632,3,1
65370,591,21200,8.2,0.2004,7,1
28022,538,33100,7.7,0.2905,12,0
69677,603,13800,8.2,0.2835,2,1
108451,657,5700,5.8,0.4897,0,0
98778,643,13800,4.5,0.6647,4,0
78035,604,7900,12.7,0.1958,0,1
55698,664,33700,11.1,0.4668,4,0
72218,762,26000,0,0.5506,12,0
59692,787,14400,10.1,0.4794,11,1
95245,619,19700,7.0,0.4383,11,0
67431,571,22000,0,0.3832,10,0
112750,820,6400,11.8,0.1328,12,1
92826,675,30000,4.9,0.3553,4,0
60866,620,24800,0.6,0.3881,7,0
93357,691,13300,0.5,0.7818,10,0
87194,594,2800,7.2,0.246,10,1
80019,765,17800,4.4,0.6197,8,0
57615,823,49400,8.9,0.2592,10,1
18000,724,1000,0,0.6859,6,0
54382,693,4100,6.3,0.3055,11,1
60443,752,16800,7.2,0.3711,9,0
82845,667,6800,0,0.4361,5,0
57076,644,1000,8.1,0.1741,5,0
65506,761,39900,4.6,0.429,3,0
70599,560,19500,0,0.2942,0,0
27297,787,10700,0,0.5999,0,0
58527,649,11200,1.3,0.3091,1,0
22605,755,21900,0.2,0.1896,6,0
48323,620,37400,3.7,0.2217,3,0
104400,680,1000,1.7,0.4142,8,1
29695,731,9600,8.3,0.3654,4,0
28814,660,8000,12.2,0.2686,7,1
51782,734,33900,7.3,0.3276,8,0
57200,660,1000,18.4,0.2862,1,1
45993,563,34100,6.2,0.2538,5,0
52022,693,1000,9.5,0.4519,0,0
55212,586,21200,12.6,0.3817,12,0
69421,719,29400,6.7,0.3831,1,1
32129,711,27700,4.5,0.4488,4,0
94936,586,9800,12.4,0.3636,4,0
102282,686,2700,13.1,0.6197,4,1
48522,726,25000,12.4,0.4135,6,0
77802,688,37000,2.9,0.4024,5,0
32878,719,35900,3.0,0.0987,4,0
61121,693,24900,0,0.5847,7,0
89590,714,15700,5.4,0.1001,10,1
43714,739,26200,14.1,0.1798,7,1
33894,614,22400,0,0.4346,7,0
48042,712,30000,2.8,0.4834,8,1
65213,603,9400,6.6,0.5238,5,0
39893,687,21500,2.9,0.2802,3,0
112819,749,14100,12.7,0.2921,4,1
72838,688,25800,7.8,0.3941,4,0
70598,516,24000,13.3,0.5409,11,0
67790,665,11200,15.8,0.3815,6,0
65190,658,1000,0,0.6366,3,0
64846,579,1000,6.1,0.3615,7,0
106473,749,1000,12.2,0.2099,8,1
97678,795,11300,14.7,0.13,5,1
31764,729,1000,12.0,0.2204,0,1
78405,679,56200,4.7,0.1055,9,0
46036,720,22100,6.4,0.2213,5,1
18000,721,22700,8.3,0.3138,11,0
81418,679,28100,4.4,0.384,8,1
93278,704,29200,15.7,0.2757,1,1
29079,735,1000,13.9,0.4319,4,1
57888,582,1000,0,0.1989,10,0
87953,850,1000,10.1,0.2607,5,1
85146,609,1000,3.2,0.277,7,1
89369,552,1000,12.9,0.4412,2,0
62093,582,24500,5.3,0.2137,0,0
78738,624,11100,4.0,0.5508,11,0
86618,625,18500,4.5,0.1791,8,0
52417,748,17800,12.9,0.2932,11,1
42712,687,11600,8.9,0.4607,11,0
45648,788,13500,7.2,0.2434,7,1
85549,531,19100,7.8,0.4511,8,0
83285,774,27600,7.3,0.2626,11,1
57083,620,10500,0,0.4309,11,0
95570,744,2800,9.3,0.4893,3,0
51978,712,28500,9.8,0.4857,3,0
123219,748,36700,12.4,0.2263,0,1
82352,715,10800,5.8,0.3999,6,1
70297,743,23600,11.5,0.2898,7,1
53960,616,15400,5.9,0.4661,12,0
76520,666,1000,3.6,0.4043,1,0
103334,656,3900,0,0.3033,10,0
38614,466,15700,5.4,0.6788,7,0
53461,625,1000,0,0.3726,1,0
61808,536,14900,5.8,0.2613,2,0
53432,624,12500,0,0.0617,2,1
38802,564,1000,5.2,0.276,0,0
62540,597,19100,8.6,0.7392,12,0
58483,563,10200,10.0,0.3346,7,1
77543,776,23100,9.6,0.5185,12,0
65867,702,16400,2.7,0.3301,2,0
54269,769,25900,6.3,0.4615,5,0
78328,745,1000,6.7,0.368,12,1
66977,586,40600,12.4,0.2922,8,0
63722,759,6900,8.4,0.3044,2,1
83619,838,41900,7.3,0.3321,6,0
126745,592,8300,11.1,0.2236,6,1
77876,668,24500,5.8,0.3806,12,0
59822,576,1000,7.5,0.2782,6,0
65318,691,24500,0.5,0.2466,10,1
18000,552,23400,10.0,0.1551,2,1
69724,556,28500,4.5,0.0735,8,0
75712,636,1500,10.4,0.1648,6,1
60790,537,39500,2.4,0.5013,12,0
90936,774,28900,4.9,0.1921,7,1
99940,722,1000,5.9,0.3402,5,1
84178,739,12200,7.0,0.2554,3,1
82304,793,16500,17.8,0.173,9,1
58326,645,23300,8.3,0.3839,3,0
59627,637,36600,10.1,0.548,0,1
62011,669,1000,0,0.3748,7,0
47051,626,13400,2.8,0.3058,5,0
58801,689,11400,10.5,0.484,11,1
94098,514,24100,7.4,0.01,12,0
41497,752,10600,2.2,0.2673,10,0
66755,656,15700,8.2,0.3971,7,1
24205,683,21000,2.5,0.6815,7,0
98824,534,17000,2.8,0.3782,8,0
73628,546,31800,8.2,0.5921,8,0
18000,705,31200,5.4,0.2416,2,0
59187,641,1000,10.2,0.5344,6,0
68571,731,1000,8.6,0.408,8,1
20512,677,13800,10.1,0.0476,1,0
36542,759,17000,2.1,0.2291,6,0
67051,709,22400,8.1,0.3291,11,0
53291,652,13400,11.5,0.3394,9,1
105034,487,13200,11.3,0.235,8,0
55010,649,41400,7.6,0.2389,4,0
37423,670,12600,5.3,0.2132,11,1
52401,755,14400,3.3,0.4628,10,0
26002,674,1000,16.9,0.2096,3,1
81359,647,15600,0,0.3982,11,0
101508,659,39400,0,0.22,10,0
50572,735,35400,10.5,0.2814,11,0
54599,696,18200,0.4,0.4491,11,0
46500,583,5100,9.0,0.4322,12,0
64688,659,15600,0.5,0.1549,2,0
102489,657,20000,8.5,0.2453,0,1
42380,663,11800,8.1,0.3307,1,1
26941,679,34700,5.0,0.1869,12,0
88599,718,22900,2.5,0.2403,0,1
90159,716,11000,1.8,0.5436,9,0
61142,637,8100,4.3,0.5836,4,0
72345,687,36000,2.2,0.4592,0,0
82987,542,13700,6.7,0.4472,12,0
65376,615,14700,4.9,0.4996,0,0
68998,631,23600,9.5,0.4521,12,1
94461,658,8200,11.7,0.0299,0,1
122841,725,26300,4.6,0.2695,7,1
18000,637,9100,12.0,0.3671,0,1
73005,732,33000,0,0.2662,5,1
61573,587,9100,5.8,0.2972,7,1
64309,754,12900,1.2,0.5701,10,0
73508,742,5800,0,0.2263,2,1
70739,594,26800,6.2,0.3267,10,0
97719,716,11000,10.4,0.306,3,1
121913,799,23100,19.1,0.3657,8,1
48859,809,3300,7.4,0.258,8,1
71368,685,9700,14.6,0.4646,10,0
32068,649,26000,2.4,0.3644,8,0
57389,633,9400,5.4,0.5367,5,0
65191,780,16000,3.9,0.6175,8,1
93982,642,12600,0,0.3784,1,0
46977,708,22100,8.1,0.3046,2,0
82685,703,37700,3.1,0.7144,10,0
61561,579,1000,5.3,0.527,6,1
82315,810,30600,7.2,0.2152,11,1
147636,526,35100,4.4,0.5079,2,0
87442,604,18700,9.0,0.4459,0,0
47477,723,38100,14.2,0.3503,12,0
57846,759,17900,7.3,0.2481,4,0
94111,646,40000,0,0.5774,0,0
48312,623,17300,7.4,0.4243,5,1
49957,692,1000,5.1,0.0692,0,1
55092,622,10000,9.6,0.2643,12,1
101455,662,11900,8.0,0.3497,11,1
67656,691,2400,12.1,0.4221,3,0
134055,613,28200,10.9,0.1231,2,1
69665,505,1000,6.9,0.4322,1,0
68442,630,16900,7.7,0.3304,5,0
62398,664,8300,7.5,0.4879,9,1
46107,666,20500,0,0.463,6,0
52692,530,13700,1.4,0.5468,9,0
72527,703,10200,9.3,0.38,0,1
71801,684,9400,9.4,0.2772,5,1
89450,702,23500,7.8,0.115,11,1
61684,693,21800,7.4,0.3466,7,1
44182,617,17800,12.8,0.3132,10,1
18000,619,8400,14.2,0.1822,8,1
66482,734,13600,5.9,0.5159,9,1
18000,579,13600,4.3,0.2539,1,0
49472,624,1000,8.4,0.2653,2,1
46878,651,34800,0.2,0.6898,5,0
53794,498,29400,9.2,0.5113,0,0
55109,850,10600,19.1,0.7231,3,1
34626,743,40000,0,0.4766,6,0
38632,740,18300,7.4,0.1693,0,0
71963,585,14200,1.1,0.3151,11,0
78045,709,8300,6.1,0.1211,4,0
59339,810,12300,4.0,0.4326,0,0
20014,511,4900,17.8,0.4376,2,0
48065,624,38700,10.2,0.3973,4,0
95549,652,38600,5.8,0.3636,11,0
83172,649,6500,2.1,0.3941,5,1
25447,599,18100,4.1,0.3777,5,0
35990,682,1000,9.3,0.4372,11,1
60692,738,34600,0.9,0.3129,2,1
66633,845,23400,6.6,0.1118,12,1
84934,716,19500,7.5,0.5198,2,1
77000,692,16600,6.4,0.7188,1,0
85347,528,23700,8.4,0.3692,2,0
46474,678,8900,5.9,0.3201,0,1
56337,762,21400,4.6,0.3782,6,1
52574,722,34100,3.4,0.2581,1,0
82798,667,27400,5.9,0.4699,5,0
111550,588,12000,5.1,0.1508,10,1
94837,594,11000,4.1,0.4346,7,0
106618,610,16800,5.1,0.6988,2,0
73553,706,1000,9.9,0.6224,1,0
84551,654,50800,15.7,0.4114,5,1
18000,695,4300,2.8,0.5827,3,0
35382,640,3100,7.3,0.3578,11,0
31065,612,17800,0,0.3511,0,0
51791,677,38300,14.0,0.1628,12,1
61134,713,37400,0,0.4455,3,1
106439,826,14700,2.3,0.733,5,1
90948,735,2100,8.0,0.3961,2,1
93714,718,20700,4.4,0.4519,11,1
91731,641,15800,1.7,0.335,1,1
69688,656,18100,1.1,0.633,10,0
27200,706,17200,13.5,0.3129,2,1
85394,713,36900,4.5,0.3087,6,1
64195,568,30000,0,0.2225,10,0
58872,688,9300,10.8,0.3412,5,1
68402,654,15000,13.1,0.5355,12,0
71398,720,26000,5.4,0.5177,0,0
66912,646,6600,18.0,0.4907,4,0
43275,670,9300,10.0,0.5044,5,1
64381,633,20400,4.3,0.2243,9,0
79417,681,16000,5.2,0.0894,3,0
77873,561,18800,4.1,0.5261,11,0
22682,650,12000,7.9,0.2968,6,1
56216,552,20800,24.0,0.0543,9,1
19820,672,33200,14.9,0.01,12,0
37464,671,22900,10.7,0.5289,5,1
83501,794,17300,12.7,0.3384,10,1
127034,591,6600,7.4,0.3149,9,0
81470,725,34600,0,0.1907,8,1
120238,499,49900,10.6,0.5984,11,0
113900,678,16200,9.8,0.3029,6,1
53734,605,3400,8.2,0.38,2,0
114105,580,18900,3.7,0.2878,9,1
56604,583,17400,8.4,0.4443,10,1
18000,571,18700,5.2,0.4452,7,0
66291,687,18700,1.8,0.3488,2,1
47589,708,12300,0,0.1294,4,1
115076,726,1000,12.6,0.321,6,1
22326,639,30600,5.9,0.5163,0,0
78065,637,15300,0.5,0.4862,11,0
63182,600,25800,11.5,0.53,1,0
56022,615,11800,0,0.6274,10,0
76113,663,24500,20.6,0.1847,2,1
68622,724,24500,14.0,0.4886,5,1
88515,613,30500,1.3,0.2518,6,0
77424,596,28700,6.3,0.4987,5,0
39120,614,1000,13.5,0.2894,4,0
115266,604,22200,8.3,0.3839,0,0
40150,720,18300,0,0.4817,9,0
40856,534,22900,15.4,0.2799,7,0
38751,785,1000,9.5,0.1887,6,1
52440,710,12800,17.1,0.3239,12,1
63942,664,20600,6.3,0.6116,8,0
46723,628,54500,3.0,0.3707,3,0
58624,686,29600,4.8,0.4886,11,0
89867,615,12900,7.9,0.4062,10,0
32014,755,37800,2.2,0.4216,1,1
32486,713,15600,6.3,0.2611,1,0
105183,691,34900,6.3,0.3666,10,0
56005,765,18600,15.7,0.4078,10,1
77079,692,52400,9.1,0.3988,9,1
77248,719,20000,8.8,0.5356,3,0
59740,671,45200,12.6,0.5529,6,0
46712,605,23400,10.6,0.5311,10,0
131920,713,31800,6.8,0.2077,2,1
64640,711,6300,3.2,0.0978,3,0
78131,707,14000,10.1,0.3004,4,1
68444,703,13500,0,0.0829,6,1
51756,701,26500,13.7,0.4426,6,1
73912,567,22100,9.9,0.3221,7,0
64156,523,6200,2.2,0.1747,5,0
76527,591,41200,0,0.347,9,0
25331,506,16200,8.0,0.4064,12,0
65512,726,13400,9.0,0.3418,11,1
51696,749,25200,0,0.2129,9,1
71512,771,11900,0,0.429,9,0
27972,733,13600,11.0,0.4381,7,1
63075,710,2400,9.0,0.2574,0,1
34503,546,44400,6.2,0.2883,6,1
35061,650,16900,7.8,0.0727,6,0
58538,802,5600,10.7,0.2702,6,1
94005,661,1300,0,0.5451,1,1
68452,673,26400,9.7,0.2887,2,1
57594,526,24000,1.3,0.5789,0,0
67639,632,22500,6.4,0.2512,12,1
46970,497,12700,5.7,0.3142,9,0
90225,652,12200,7.8,0.1559,10,1
56793,805,12800,7.2,0.374,5,1
90599,586,17200,3.6,0.7035,0,0
51543,591,7600,10.8,0.2019,12,1
91625,565,13000,12.1,0.4508,2,1
20514,834,27700,2.6,0.3681,4,0
41024,489,13100,5.9,0.2807,1,0
77656,638,35400,8.3,0.2373,8,1
52019,689,3700,6.9,0.4631,1,1
22575,793,20700,10.0,0.4036,9,1
30446,719,1000,0,0.3594,0,0
67173,768,14000,17.2,0.3024,6,1
59814,506,17100,10.4,0.3809,4,0
64534,676,28400,17.0,0.173,11,1
61227,698,27900,16.9,0.3651,7,1
132097,698,23400,4.9,0.3514,5,0
39921,624,18100,9.4,0.4315,4,0
50062,662,21200,8.8,0.2676,7,1
46416,751,13200,3.7,0.0781,4,1
98484,583,34100,0,0.2895,10,0
55970,635,10800,8.9,0.4909,0,0
61202,455,5400,13.4,0.479,10,1
59743,781,1000,3.9,0.6556,2,1
42449,519,8300,10.3,0.479,0,0
50876,525,33300,13.2,0.107,5,0
93851,652,12700,1.9,0.5795,9,0
80072,749,27200,8.7,0.2494,9,1
62481,671,4400,14.6,0.4277,4,1
18000,667,1000,2.4,0.3309,11,0
56179,653,20600,12.6,0.1825,10,1
21376,773,39100,0,0.2741,6,0
50553,764,14700,4.0,0.4755,4,1
48233,845,10600,7.8,0.4075,1,1
44754,695,35400,3.9,0.1947,6,0
18000,713,38200,8.4,0.4201,4,0
43852,633,1000,0,0.3858,6,0
51586,592,19200,1.0,0.3835,4,0
51750,612,26100,9.4,0.2163,0,1
39231,621,14200,0,0.1583,7,0
93231,600,27500,12.8,0.2821,12,1
60297,633,34300,7.0,0.3991,3,1
94327,685,1000,14.2,0.2968,2,1
82137,586,25900,0.2,0.4818,6,0
78692,676,17700,3.3,0.118,3,1
55765,785,31500,5.5,0.2761,11,0
20353,703,23800,10.3,0.4585,9,0
32618,536,15400,6.0,0.6711,7,0
61731,673,25700,11.9,0.4163,11,1
49570,666,28200,12.9,0.1965,12,1
72985,556,22000,6.1,0.4418,7,0
81630,784,1000,6.7,0.3366,9,1
44965,760,15000,7.9,0.4028,1,0
27295,670,14100,10.2,0.3956,12,0
77494,641,33700,1.7,0.302,9,0
105479,701,7200,8.7,0.3251,2,1
57291,596,33600,6.5,0.3855,7,0
71312,800,4500,9.5,0.3658,0,1
56750,623,27300,0,0.2524,8,0
44570,772,36700,4.9,0.2541,3,0
42024,682,6700,2.7,0.3862,6,0
87792,596,28100,11.3,0.492,0,0
56332,720,43300,2.9,0.348,1,0
76275,725,9300,6.2,0.1451,4,1
101238,713,28400,10.6,0.4518,0,1
50273,695,21200,5.9,0.4284,5,0
38422,530,18400,8.9,0.6578,11,0
73140,601,29200,9.2,0.3268,8,0
92533,763,29200,10.6,0.3716,7,1
104135,497,22000,7.2,0.3905,8,0
37453,753,31700,7.7,0.2392,2,1
52801,689,1000,11.1,0.4928,3,1
81050,641,19400,7.4,0.1358,12,1
18000,568,37100,7.7,0.373,2,0
60585,738,1000,0.7,0.4291,6,0
72183,692,18000,13.3,0.1056,5,1
82091,603,14300,11.5,0.0632,3,1
60748,793,14000,7.0,0.5401,9,1
113563,753,25900,1.9,0.2856,1,1
70604,630,36400,5.9,0.253,1,1
75245,616,9400,4.8,0.4014,9,0
89379,679,10000,8.2,0.19,8,1
54396,764,16400,7.9,0.104,4,1
29618,597,5800,14.9,0.205,11,0
65684,525,1000,2.9,0.4625,8,0
35909,624,10900,6.6,0.1677,3,1
109621,684,22800,6.4,0.3501,5,1
84432,685,16900,10.8,0.2025,0,1
45005,641,17300,10.1,0.1929,7,1
42512,758,6500,5.2,0.2964,9,1
90788,645,16900,15.8,0.3395,3,1
85927,758,23600,7.8,0.5712,7,1
103370,703,35600,10.0,0.3434,10,1
83230,589,26400,8.0,0.488,1,0
66814,741,2600,13.7,0.1643,4,1
44625,795,11700,11.4,0.2523,4,1
69034,690,42000,2.3,0.5529,12,0
56216,541,22000,0,0.4861,9,0
61361,593,22900,7.0,0.6606,3,0
100266,668,16500,0.8,0.5728,12,1
34978,687,9100,8.4,0.4143,3,0
85869,460,19200,11.3,0.5771,7,0
82297,618,9500,11.8,0.5377,9,1
69085,614,34600,0,0.4504,6,0
47808,576,21100,2.6,0.4634,8,0
33579,618,21700,0,0.3689,1,0
68835,544,12600,7.4,0.5438,0,0
78296,667,36000,0,0.4657,6,0
66121,737,6400,15.0,0.2436,1,0
104318,707,10000,11.3,0.2122,6,1
51696,676,26300,14.8,0.6548,1,1
98483,675,11900,2.1,0.3099,11,1
75614,658,14800,11.4,0.0556,9,1
83430,641,2900,12.6,0.392,11,0
61838,586,13600,17.1,0.2955,2,1
60988,755,25400,4.3,0.7408,12,0
67321,734,30500,10.6,0.2589,9,0
95162,645,18400,6.4,0.367,3,1
89962,643,12100,7.9,0.0285,11,1
80199,598,9500,8.6,0.6617,11,0
109224,642,17700,3.5,0.4282,5,1
44561,600,21200,0,0.2149,6,1
56553,577,23600,12.9,0.4601,10,0
65853,776,23900,4.5,0.4066,7,0
62899,605,25800,16.7,0.6319,11,1
38397,707,3500,1.9,0.5722,9,0
34211,613,1000,7.7,0.4039,3,0
50697,589,6900,2.1,0.2291,3,1
95725,579,10600,19.8,0.2491,1,1
100377,638,11000,11.1,0.5651,12,0
34313,598,27300,7.7,0.4137,6,1
67658,608,13100,11.5,0.2087,0,1
61887,598,22300,3.1,0.185,2,0
67232,632,34200,5.6,0.4786,11,1
33418,766,12400,11.0,0.3555,0,1
54233,711,26200,12.2,0.4189,12,1
46870,729,9400,5.8,0.6388,12,0
85137,718,11000,7.3,0.3155,12,1
105689,698,22500,2.5,0.1251,4,1
91268,714,12400,0,0.5952,8,0
88593,776,20100,3.8,0.2478,5,1
64132,602,12700,7.6,0.5429,6,0
119424,785,5200,4.9,0.5049,3,1
105279,664,37400,4.5,0.3137,9,0
50480,705,7400,11.7,0.2659,12,1
92747,721,25500,18.5,0.2977,6,1
25493,691,10000,5.5,0.3625,4,0
68446,651,11900,0.7,0.4319,3,0
73703,573,11300,13.7,0.2472,8,1
62368,540,29100,4.5,0.4192,0,0
64825,622,1000,12.1,0.5029,2,0
51440,663,26800,3.3,0.4249,4,0
79513,627,6900,16.4,0.2668,4,1
74736,776,14800,1.1,0.3487,5,0
55876,516,27700,11.6,0.3601,6,0
18000,717,36600,7.3,0.3709,7,0
91069,704,24200,10.9,0.25,10,1
72209,731,28700,4.2,0.3314,12,1
64069,770,15400,5.3,0.4898,4,1
53014,654,1000,6.0,0.2044,9,1
104981,643,1000,0,0.3528,3,0
102865,748,22400,9.4,0.4435,0,1
74261,591,8000,7.8,0.357,6,0
43666,730,12500,12.6,0.0449,3,0
109597,619,12500,0,0.1883,12,1
104033,788,13700,4.4,0.5466,12,1
62664,615,1000,0.6,0.4867,2,0
81499,668,12900,9.5,0.2353,5,0
60957,670,15500,14.1,0.2549,11,1
63701,697,15300,6.5,0.3162,9,0
36737,676,32100,1.1,0.3648,0,0
56066,548,28400,15.7,0.5967,1,1
59174,648,30300,10.6,0.448,9,0
46472,774,38700,0.7,0.5635,11,0
18000,651,1000,12.4,0.3234,12,1
63620,637,9000,8.4,0.4064,2,0
97547,511,12200,12.9,0.4742,11,1
74726,655,24600,5.4,0.4623,10,0
69623,530,20400,11.7,0.5601,3,0
39851,496,31100,0.8,0.3403,6,0
71011,710,14600,10.3,0.4677,2,0
63420,756,27400,9.6,0.181,8,1
32913,559,40200,9.2,0.2097,3,0
32038,717,13900,3.2,0.1341,8,0
67996,636,19400,3.2,0.3129,1,0
45712,603,7600,7.9,0.1476,0,1
83661,716,23700,5.3,0.2157,1,1
55647,707,1000,4.6,0.1574,9,1
41836,702,22600,3.7,0.2548,10,0
120681,716,20800,18.6,0.4142,6,1
89250,647,32100,8.1,0.6265,11,0
86318,850,18100,4.4,0.1602,1,1
69462,527,11000,7.8,0.4347,2,0
81061,698,19500,9.1,0.3575,12,1
42247,680,1000,8.4,0.2452,10,1
46845,684,28300,4.5,0.2038,6,0
102102,581,16400,1.8,0.3046,7,0
70736,667,23700,4.9,0.3632,8,0
32942,585,32900,3.3,0.4126,3,0
85541,713,20900,9.6,0.2657,7,1
90282,648,27400,13.5,0.4347,1,1
61032,554,1000,12.1,0.3918,8,1
37312,696,29800,5.7,0.3671,4,0
98841,767,29900,3.8,0.3958,8,0
76987,702,1000,10.9,0.392,0,1
95576,627,25100,15.7,0.3268,0,1
113733,710,14300,7.4,0.2331,6,1
51782,812,10700,6.2,0.3325,5,1
76864,679,16300,0.9,0.276,8,1
59856,558,9300,8.7,0.5757,3,0
112687,564,24700,1.1,0.4791,0,0
100254,653,26700,3.7,0.4103,10,0
60298,678,26800,5.8,0.172,6,0
73807,570,34600,6.8,0.0915,11,0
45090,734,18900,1.7,0.3449,4,0
89180,693,22100,10.7,0.4521,12,1
78511,716,1000,0,0.3059,0,0
71216,778,15700,0.2,0.198,9,1
20814,788,28900,7.4,0.2574,7,0
34183,671,23700,11.4,0.1692,9,0
43235,595,13400,9.8,0.4933,4,0
38232,697,26900,12.5,0.2125,6,0
131590,702,4900,5.0,0.3824,2,1
77178,657,11400,9.1,0.4452,2,0
134113,648,7400,5.6,0.4148,4,1
57290,699,40800,0,0.3597,8,0
68963,750,18400,2.9,0.428,2,0
112042,673,19400,0,0.3222,9,0
90358,657,7100,1.7,0.4844,1,0
58250,478,13900,10.4,0.1963,1,0
98560,685,21000,2.2,0.252,2,1
61885,612,1000,8.4,0.3748,1,0
72419,756,18500,13.8,0.6172,7,1
91061,740,4800,16.8,0.4402,1,1
101806,694,44500,0,0.3871,6,0
88070,604,14500,0.3,0.587,7,0
61877,604,1000,12.5,0.3668,11,0
46480,607,19300,4.7,0.4947,9,0
76610,701,8700,9.4,0.5783,3,1
46467,778,1000,9.0,0.354,5,1
23640,718,13200,0.8,0.1395,2,0
115816,697,1000,3.9,0.2671,9,1
38408,683,12500,14.9,0.3214,4,0
64175,727,27400,1.7,0.3639,5,0
62623,404,4200,10.9,0.4161,2,0
34567,669,1000,14.9,0.1691,7,1
68379,662,28400,5.5,0.3111,4,0
63321,630,22600,12.6,0.156,0,0
89736,555,9500,6.5,0.4151,6,0
93410,642,13900,19.7,0.4563,1,0
95354,706,18100,10.8,0.3348,10,0
70392,796,32700,19.5,0.338,11,1
69403,645,30000,3.5,0.45,9,0
53745,675,20900,5.9,0.3645,7,1
79355,697,9900,6.1,0.1559,9,1
97990,598,1900,9.5,0.1694,12,1
106903,670,6800,3.5,0.4295,8,1
53025,620,7300,6.1,0.2723,10,0
124728,642,7500,7.3,0.517,2,1
67450,551,37800,12.6,0.2246,2,1
79083,707,14400,11.0,0.3675,10,1
39877,604,21900,9.4,0.3771,2,0
99516,837,35300,6.1,0.4129,4,1
60293,850,23800,2.8,0.2664,11,1
53527,766,18100,6.5,0.397,6,1
88149,466,18300,6.0,0.321,11,0
67713,655,7400,9.2,0.1203,12,1
18000,667,25000,9.3,0.2717,11,0
122812,613,20300,2.1,0.5774,3,0
46007,622,31800,11.3,0.3265,4,1
92662,769,8600,14.7,0.2763,2,1
36301,624,8100,8.7,0.1388,8,0
63648,686,18600,5.1,0.4029,5,0
37314,775,17900,3.5,0.3033,5,1
47874,558,17300,15.3,0.4248,6,0
80430,536,20100,5.5,0.4947,9,0
94015,689,24300,0,0.1541,10,1
74777,686,12500,6.1,0.4482,1,0
29476,693,19700,8.8,0.2384,7,0
94963,581,15300,5.4,0.2682,8,0
60970,476,27300,3.8,0.293,6,1
69091,753,17500,10.5,0.2891,7,1
79250,811,40600,2.2,0.307,3,0
69306,719,34100,8.1,0.4962,8,0
110841,738,33800,3.8,0.3768,4,1
102675,604,42200,8.7,0.4222,6,1
98025,554,19000,8.5,0.2575,12,1
69351,638,30000,16.9,0.3378,12,1
103254,622,1000,19.7,0.2612,1,1
52778,717,28100,10.6,0.6203,6,0
84116,714,16400,8.7,0.5555,3,0
95972,728,7600,10.6,0.4646,10,1
111521,714,18700,7.6,0.2681,7,1
106734,724,29800,1.5,0.2425,2,1
78785,756,30700,14.4,0.2801,1,1
81592,680,8500,9.8,0.4637,0,0
39301,816,41800,9.2,0.3896,6,0
62380,622,27000,9.7,0.3767,1,1
18000,705,27200,2.1,0.4855,10,1
18000,696,17500,11.4,0.01,10,1
23853,688,22700,4.4,0.3652,2,0
74702,688,1000,12.9,0.4348,2,1
52576,790,2400,8.6,0.01,4,1
82714,732,9600,1.4,0.3863,12,1
80853,686,20800,9.5,0.6108,2,1
93546,677,22800,4.5,0.6221,6,0
72635,779,12200,6.3,0.303,5,1
79982,632,22900,1.6,0.1391,10,0
66626,608,20500,1.8,0.5354,1,0
53296,680,8500,5.7,0.4399,6,0
125457,593,25500,6.4,0.483,8,1
74489,622,37400,7.9,0.2265,2,0
57386,665,3400,5.7,0.172,2,0
77164,698,6900,1.8,0.4883,2,0
90223,647,19100,8.5,0.499,6,0
117121,640,11600,7.5,0.3537,4,1
56582,622,16300,0.3,0.5798,2,0
83693,548,28300,0,0.3625,10,0
49133,637,12900,9.9,0.4283,6,1
61097,478,25500,11.4,0.2309,0,0
34783,657,20200,0.3,0.368,1,0
53874,641,32700,1.3,0.2927,0,0
74481,645,2400,8.4,0.5139,12,0
57232,764,34500,11.3,0.6407,3,0
40749,539,30200,5.8,0.1558,4,0
59032,498,11200,3.6,0.2931,5,0
101438,756,18600,12.8,0.1633,1,0
78334,588,5900,3.0,0.1123,10,1
38186,606,26100,0,0.2833,12,0
30577,609,1000,1.4,0.3415,10,0
84548,586,1000,5.3,0.4315,12,0
79614,640,25100,13.4,0.2906,6,1
58617,516,17500,16.2,0.1247,3,1
69655,601,12600,0.3,0.3604,8,0
43930,649,9000,9.7,0.4658,1,0
34466,582,22400,3.9,0.3829,11,0
36035,732,5100,0.5,0.4375,7,0
83291,510,18900,0,0.3178,9,0
29178,666,13600,13.1,0.4411,1,1
93434,728,26700,3.4,0.33,8,1
81536,729,29000,0.2,0.5416,9,0
149111,823,14800,7.5,0.1374,4,1
71155,792,22700,17.0,0.095,2,1
65203,686,1000,0.8,0.1868,9,1
76820,759,5300,10.9,0.4714,4,1
109802,654,17000,11.8,0.6354,5,0
99016,727,8200,15.4,0.2713,9,1
108471,653,4400,6.7,0.2443,9,1
42459,771,40000,5.6,0.3693,0,0
34083,711,54500,13.5,0.5121,10,1
36067,802,28900,13.1,0.5691,9,1
69706,659,7600,3.9,0.3572,6,1
35311,699,13100,3.0,0.0726,6,1
28357,640,17400,7.5,0.1672,5,0
66479,640,29400,9.0,0.4022,9,0
112416,660,45100,9.1,0.332,1,0
18000,582,8700,10.3,0.3229,5,0
59139,716,9700,8.6,0.4481,3,1
100254,660,7300,14.1,0.3199,9,1
29534,627,18600,7.2,0.3738,5,0
118444,700,1000,3.2,0.4432,9,1
18000,622,32900,11.3,0.4319,2,0
51071,512,21000,9.5,0.3656,0,0
98906,578,38400,15.0,0.4157,10,1
18000,650,1700,7.1,0.6871,7,0
41309,646,12300,7.8,0.2216,5,1
93149,647,19000,5.6,0.7476,7,0
98060,603,20900,5.1,0.1303,5,0
29096,622,1000,5.9,0.274,2,0
84265,850,6500,9.4,0.3786,1,1
40316,678,1000,7.1,0.2973,0,1
123493,720,12400,13.2,0.502,10,1
70686,676,29600,6.0,0.2388,10,0
62809,573,23000,11.3,0.2465,1,0
71955,722,9900,14.2,0.1549,9,1
79987,644,7900,0,0.4612,5,0
111643,658,2100,13.9,0.4297,3,1
62096,850,10000,0,0.4555,10,0
59579,791,7300,9.6,0.2934,12,1
36630,604,3300,11.7,0.14,3,1
76071,701,19100,5.2,0.2616,11,1
40709,502,6100,10.7,0.3078,1,0
23885,772,19500,9.0,0.4072,8,0
53197,677,21000,16.4,0.4518,12,1
42854,700,17100,1.6,0.3765,8,0
71430,721,11600,12.9,0.48,4,0
55155,713,10600,3.1,0.4213,1,1
49230,618,17500,5.9,0.0811,9,1
51970,654,22000,6.6,0.2886,8,1
57602,544,16500,8.3,0.5356,0,0
22680,614,18700,4.5,0.3836,9,0
111240,688,2500,8.0,0.1778,6,1
64540,549,9600,4.0,0.5148,2,0
77931,631,13500,14.9,0.4948,4,0
61525,682,20300,4.4,0.1212,8,0
77881,667,12300,4.6,0.0918,7,1
41732,697,11000,10.4,0.1565,3,1
57452,569,36400,4.4,0.3803,7,0
67246,588,12900,4.3,0.3954,10,0
116559,557,26500,3.2,0.3926,2,0
89534,637,20500,6.6,0.4025,2,1
64185,567,24800,11.2,0.3698,6,0
66106,801,19100,1.2,0.1541,8,0
91700,586,19200,4.9,0.6482,0,0
113896,769,5700,13.5,0.4741,1,1
92851,613,24400,2.0,0.3143,1,0
92667,809,21100,9.1,0.4802,8,1
18000,713,8400,0,0.569,2,0
70809,683,27900,3.1,0.0966,9,0
88936,502,11500,5.4,0.6628,10,0
120863,514,21400,5.8,0.4338,6,0
109814,790,25700,6.2,0.267,12,0
94450,724,18700,6.1,0.4709,2,1
64488,766,43800,5.8,0.48,2,1
66504,738,5900,8.7,0.5917,12,1
52876,609,41900,9.0,0.3697,9,1
25343,788,15600,7.9,0.2408,5,1
18000,650,1300,10.6,0.4432,4,0
45358,674,41000,1.2,0.5414,5,0
69279,659,32100,13.1,0.3541,1,1
78799,538,19100,6.5,0.6211,9,0
18000,567,34600,5.6,0.242,9,0
60261,619,17900,4.9,0.6593,0,0
58238,619,15600,2.2,0.2808,3,0
25884,674,1000,8.6,0.1003,7,1
80536,672,20200,9.6,0.01,11,1
66182,618,29700,0.2,0.371,9,0
34531,730,19800,10.7,0.2876,0,0
83656,658,18100,5.2,0.4772,11,1
65941,585,6200,0,0.01,10,1
18000,576,6300,12.8,0.3259,4,0
55102,738,22300,2.5,0.296,8,0
77188,769,28800,8.2,0.1871,12,1
92482,655,28600,3.8,0.5068,6,0
95827,569,1000,13.8,0.4346,6,1
56894,628,11600,5.2,0.4737,2,0
74453,759,30300,14.9,0.4234,3,1
60625,586,24700,6.0,0.4017,1,1
52357,752,15900,10.5,0.6037,6,0
99036,640,12500,10.7,0.1983,9,1
57006,796,26400,0,0.0783,1,1
52135,714,35200,4.4,0.6235,10,0
108301,646,3200,4.8,0.3019,2,0
71426,568,34000,2.9,0.1376,3,0
60141,673,12600,6.8,0.3503,1,0
18000,710,36300,4.4,0.4861,3,0
62722,714,20400,5.6,0.3546,5,1
41677,599,24300,0,0.2203,8,0
71012,622,32500,3.9,0.335,3,0
46121,668,4700,12.5,0.4259,3,1
100849,688,18400,5.0,0.0289,2,1
54224,702,8200,8.5,0.5027,3,0
50728,684,38700,16.0,0.5648,8,1
94687,787,16100,7.8,0.2284,2,1
68412,652,14800,13.3,0.0675,0,1
58370,579,23900,5.8,0.4217,11,0
66960,456,11500,11.4,0.3509,8,1
26809,741,12800,1.1,0.4365,2,1
81501,637,19200,14.2,0.3039,11,1
81958,685,18800,9.9,0.4714,5,1
48324,610,8100,6.7,0.585,6,0
97314,697,22100,13.4,0.5831,9,0
18089,661,12500,8.7,0.5606,9,0
36950,637,22300,9.8,0.2444,5,0
36692,742,5600,8.6,0.5693,12,1
67904,691,24700,0,0.4205,9,0
53499,787,21600,13.5,0.2949,10,1
18000,602,17800,13.0,0.3115,2,0
81400,850,9800,9.9,0.5526,2,0
31568,683,23000,0,0.4058,1,0
85892,581,36100,0,0.4655,6,0
75973,661,6300,12.3,0.5928,5,1
60378,678,21300,0,0.3124,12,0
90884,748,38300,4.4,0.604,2,1
80679,700,28800,2.2,0.2386,11,0
100365,718,20600,11.9,0.3204,6,1
18000,782,14800,6.3,0.5871,4,0
61730,617,16100,14.4,0.4442,11,1
101232,671,34000,0.2,0.0103,7,0
56160,541,16800,9.1,0.1631,8,1
51917,605,11600,6.1,0.3371,2,0
18000,835,18700,4.2,0.203,10,0
48016,735,1000,0.8,0.2797,7,1
28383,641,26500,4.1,0.7222,2,0
19278,632,29600,14.5,0.5266,3,0
27971,760,44800,0,0.1753,9,1
98870,623,22400,10.1,0.3161,1,1
77495,604,31500,4.7,0.3945,5,0
36689,450,20600,14.1,0.4789,12,0
109411,671,12300,6.9,0.3858,4,1
26196,753,12800,6.4,0.3629,0,1
77488,815,16100,5.3,0.2778,5,1
98656,677,11600,11.0,0.2809,7,1
33604,603,32000,6.2,0.2814,7,0
41824,736,33000,11.4,0.2485,10,1
71918,674,1000,7.9,0.1644,1,1
82136,571,27700,9.7,0.2435,7,1
49100,799,23100,4.2,0.3317,2,0
62292,653,13500,6.9,0.4003,9,1
97438,617,33200,9.0,0.2943,7,1
75790,727,15200,9.1,0.511,3,1
65149,749,17400,0,0.4149,4,1
44680,772,22900,4.0,0.1309,1,1
91327,771,32600,4.9,0.2173,11,1
51208,505,7800,11.6,0.3158,6,0
56895,684,15700,19.1,0.2549,3,1
74009,641,26200,12.5,0.2667,8,1
64241,700,19900,3.9,0.1857,3,1
52113,796,9100,10.1,0.3266,8,1
62136,665,22800,5.1,0.6116,12,0
50335,592,19700,10.0,0.1509,12,1
40421,533,30400,13.7,0.01,1,0
65771,804,24100,3.0,0.3681,0,0
86183,689,11800,9.0,0.3286,7,1
92851,571,29500,12.0,0.4291,10,0
52742,625,4100,6.2,0.5309,6,1
110393,756,28500,12.7,0.2477,7,1
87772,664,26400,1.2,0.6079,7,0
26807,776,11000,0,0.5313,10,0
79747,725,6300,0,0.1467,1,1
62729,733,14500,12.8,0.2242,3,1
52594,726,24600,1.6,0.2503,6,0
78013,772,23000,0,0.3132,10,1
43786,651,22700,0.7,0.4615,4,0
77126,806,21700,4.2,0.2444,3,1
53065,488,7400,8.2,0.3483,1,0
92742,458,25800,7.1,0.6649,7,0
20944,624,5500,6.6,0.3082,10,0
41507,619,13400,8.6,0.4096,12,0
74229,678,29600,10.9,0.3969,11,0
79728,832,16500,6.7,0.2402,4,1
66033,726,2100,1.9,0.476,3,1
44412,647,22100,15.9,0.396,9,1
82365,758,1000,0,0.3783,3,0
70030,757,21700,9.7,0.3632,3,1
19405,733,25600,2.6,0.3825,6,0
26658,716,5600,11.6,0.2134,4,1
52588,594,25800,3.8,0.527,6,0
46060,622,13300,0.5,0.3039,12,0
69672,743,15100,14.8,0.4677,7,0
52497,575,15300,5.6,0.3427,9,0
43701,733,13800,0,0.4474,3,0
81479,637,22600,9.9,0.1945,8,0
104425,487,4600,13.4,0.6318,1,0
47055,650,8900,6.4,0.3991,6,1
80578,641,12500,12.6,0.3575,0,1
75464,511,31200,0.9,0.3098,6,0
68919,815,24400,14.4,0.4133,12,1
84806,733,19300,0,0.5497,3,0
57990,714,14900,16.1,0.0316,6,1
78889,684,34100,14.3,0.449,4,1
27218,705,16400,4.1,0.3153,6,1
57895,765,1000,7.5,0.1205,8,1
46800,593,21600,0.6,0.43,4,0
40268,722,1000,7.0,0.4043,5,0
105492,785,10500,9.8,0.5214,12,1
32224,715,32500,15.0,0.4128,10,0
53982,697,39000,0.7,0.3472,11,0
85615,610,14600,7.8,0.6528,1,0
91422,699,4800,11.8,0.1649,5,1
58184,663,41100,5.9,0.4726,4,0
104199,850,29500,13.3,0.3459,3,1
46176,733,9700,13.0,0.2737,5,1
52248,666,5200,9.2,0.3535,12,1
64802,575,24900,7.0,0.4107,11,0
61617,608,34700,15.7,0.473,6,1
68755,673,26400,10.9,0.4432,2,1
18000,569,27000,21.9,0.3715,11,0
90712,706,45100,5.7,0.2888,7,0
42804,778,8600,11.0,0.5395,8,0
73816,604,10500,1.7,0.2092,9,0
58926,776,24800,4.8,0.5207,5,0
44034,850,21900,6.9,0.1237,4,1
75638,716,23200,0,0.3526,1,0
39227,667,5500,10.8,0.3161,9,1
73340,657,8200,16.7,0.0967,2,1
87324,660,10900,10.1,0.01,6,1
24708,757,14300,13.7,0.395,5,1
71955,641,35100,11.0,0.4432,1,0
75455,551,20300,8.3,0.312,4,0
39532,760,23200,2.8,0.3112,4,0
97075,696,34500,6.5,0.3925,2,0
78046,587,16900,11.1,0.38,9,1
96327,713,16900,14.2,0.3291,9,1
59747,748,14200,9.5,0.1878,8,1
38841,549,1000,12.7,0.4298,10,0
65830,715,20700,8.7,0.286,1,0
93118,761,15800,11.4,0.3028,7,1
90795,750,32200,4.8,0.0491,3,0
51773,607,9500,9.9,0.6242,12,0
76385,757,11400,2.8,0.3163,2,0
63838,545,1600,0,0.3529,2,1
77864,476,6000,9.9,0.4347,2,0
18000,548,34000,2.6,0.126,10,0
45955,762,15100,9.0,0.4035,3,1
46835,772,16800,1.1,0.041,9,1
44658,615,38500,4.2,0.1205,8,0
92599,668,17500,7.9,0.0211,1,1
106482,543,32100,3.5,0.3656,9,1
60140,838,31200,0,0.2532,6,1
57941,666,30500,5.4,0.2231,1,0
58211,815,6100,5.5,0.01,12,1
75119,537,10700,2.0,0.1876,8,0
78654,709,33400,6.6,0.2608,3,1
44832,701,18400,12.7,0.6314,11,1
44503,570,1000,12.5,0.3755,1,0
43833,850,11900,0.3,0.4274,1,0
83498,671,21800,0,0.7151,1,0
49605,750,25600,1.7,0.1785,9,1
103201,741,10800,10.9,0.4844,11,1
103709,596,19400,5.0,0.4276,2,0
58908,621,38200,6.5,0.2686,6,0
23664,730,20000,2.0,0.4535,7,0
64868,640,26600,6.8,0.1672,7,0
43720,688,1000,14.9,0.4443,9,1
123101,656,10600,2.8,0.5572,7,1
83538,580,12500,6.1,0.4652,8,0
46109,764,40300,8.9,0.2969,6,1
70301,649,8400,19.3,0.4256,6,0
55679,823,50400,5.4,0.2345,11,1
134787,702,9100,14.0,0.5869,9,1
74917,693,38300,5.6,0.3179,9,1
70647,615,14200,16.5,0.172,1,1
33728,638,14300,3.1,0.2307,6,0
119203,715,2600,10.5,0.3441,1,1
67107,668,20700,6.1,0.4059,1,0
38000,615,19400,5.0,0.4564,9,0
101327,759,1000,8.5,0.5217,10,1
67569,669,8500,6.4,0.4219,3,0
67011,755,9000,3.8,0.4067,2,1
18741,575,15900,10.7,0.3979,6,0
63936,667,30100,11.4,0.3454,9,1
56994,639,15000,4.7,0.8651,11,0
87518,705,27400,6.1,0.3586,3,0
67004,658,24400,9.1,0.4983,12,1
18318,832,7500,11.2,0.3153,10,1
52619,703,3300,0,0.3579,4,0
64647,755,29400,14.3,0.4751,8,1
20839,755,24200,10.1,0.3277,12,0
90237,705,15200,10.4,0.4409,7,0
61479,761,12100,8.0,0.3918,6,1
93300,640,23300,6.0,0.3172,11,1
84502,596,13500,11.7,0.6974,1,1
55677,813,18900,0,0.1558,12,0
95981,617,19000,6.9,0.4791,11,0
45001,705,10300,7.4,0.3239,6,1
76170,570,5700,1.6,0.5377,5,0
48732,679,18100,8.5,0.2627,3,1
38483,674,1000,4.1,0.6043,3,0
91990,694,1000,5.2,0.713,8,1
91921,769,19100,9.2,0.3364,6,1
58672,775,10200,8.1,0.2904,1,1
64933,778,17400,0,0.3594,4,0
43781,567,41000,7.4,0.3928,6,0
88931,726,20000,13.5,0.5816,5,1
50949,653,15700,0,0.1497,3,1
87565,779,17100,3.7,0.3704,7,1
32022,705,36900,8.6,0.3267,12,0
53322,786,20500,8.5,0.4882,0,1
80135,681,24900,2.6,0.4256,1,1
79013,706,21600,3.4,0.1607,10,1
92183,608,33500,5.4,0.2706,9,0
18000,589,3300,10.1,0.3837,4,0
105013,606,22100,4.2,0.2771,7,0
73737,642,9200,0,0.3796,1,0
36445,741,12800,0,0.4393,3,0
65482,696,27500,2.1,0.5168,1,0
46152,655,14800,9.4,0.419,3,1
74638,550,23700,8.5,0.2031,10,0
63305,600,22900,10.5,0.3712,12,1
101424,690,39600,8.4,0.48,12,0
58301,645,12800,1.7,0.405,8,0
98035,710,20700,6.8,0.4325,6,1
73204,579,15500,11.0,0.4517,2,0
39760,628,1000,7.6,0.4327,12,1
59684,654,15500,8.0,0.3183,9,1
37660,528,5700,11.9,0.5542,4,0
38374,728,18600,9.8,0.3369,5,1
85529,691,25600,12.8,0.3257,0,1
81130,688,1000,12.3,0.1557,12,0
71081,532,40600,4.1,0.2733,0,0
77223,682,1000,13.0,0.4857,8,1
62038,800,34800,5.3,0.1876,3,1
34389,764,13700,6.7,0.3403,1,1
34544,741,15800,1.0,0.2139,4,0
75128,720,1300,10.8,0.1869,8,1
115494,794,17800,12.6,0.4943,10,1
39542,775,19200,0,0.4971,3,0
43706,743,21000,10.0,0.5109,10,1
46548,727,16100,11.1,0.1051,8,0
82711,678,24900,9.4,0.2911,4,1
92573,655,20100,5.4,0.3343,10,0
85730,667,20400,10.3,0.6245,3,0
63946,740,14900,2.2,0.3646,1,1
58372,584,1000,9.1,0.3836,3,1
96630,736,11600,7.1,0.01,0,1
89527,569,43800,4.0,0.2143,12,0
76173,668,41000,4.6,0.3933,8,0
80947,673,35600,0,0.4201,12,0
19643,623,16100,6.9,0.299,10,0
63220,735,24000,6.7,0.3255,0,0
54403,598,9500,4.1,0.395,9,1
86846,738,19400,2.9,0.2459,6,1
61813,685,44200,20.1,0.4438,2,0
41725,611,29800,9.4,0.2704,1,0
105307,700,17200,4.4,0.01,0,1
35402,569,10700,12.0,0.223,12,0
53852,666,17700,1.7,0.5521,3,0
113872,727,10200,10.9,0.1338,12,1
80641,743,9500,14.5,0.4254,3,1
60597,692,4300,9.7,0.2837,10,0
36451,717,31700,3.0,0.6316,4,0
83020,685,19000,6.7,0.1891,3,1
68933,829,34700,2.7,0.199,3,1
36765,761,34800,9.4,0.1298,9,0
18000,658,14200,6.1,0.302,0,0
46634,688,22300,2.2,0.1902,10,0
32777,568,30000,1.7,0.4539,12,0
60224,550,31200,6.4,0.4463,8,0
33744,616,11900,5.8,0.2351,12,0
52301,773,25800,6.5,0.3942,2,0
71234,617,22000,0,0.1752,0,0
41403,439,6100,7.9,0.5382,0,0
73022,720,1000,0.9,0.3781,5,0
46044,625,19100,19.2,0.5562,12,1
73571,611,29000,7.1,0.165,2,0
40600,635,39300,8.7,0.3825,12,0
53121,594,15900,15.7,0.2419,6,1
80488,644,1000,3.6,0.5805,2,0
72633,605,3900,16.7,0.5603,12,1
47078,655,21000,2.9,0.14,0,0
72422,628,18000,6.8,0.2609,9,1
71752,651,39400,10.2,0.3648,1,1
76990,773,28000,0,0.707,6,0
49580,628,13600,13.6,0.4328,7,1
80561,771,23300,13.2,0.2053,2,1
40889,754,14800,17.5,0.1612,6,1
58931,585,25800,10.9,0.4959,9,0
109426,687,17600,1.2,0.23,6,0
97069,658,22100,6.2,0.3556,8,0
59674,850,22200,12.2,0.4178,5,1
80250,647,28500,4.4,0.0139,7,1
96350,531,20900,9.0,0.3464,1,1
23820,740,28400,6.4,0.1653,5,1
74963,751,29700,3.0,0.2794,11,0
79558,617,25600,10.9,0.01,1,1
63214,696,1000,9.3,0.4245,8,1
82535,739,22500,0,0.3963,0,0
32069,544,30600,2.9,0.3825,3,0
88647,635,8200,5.0,0.4762,10,0
67666,754,29300,0,0.0525,8,1
55870,606,26500,7.7,0.3506,0,0
